Brand,Year,Kilometers_Driven,Fuel_Type,Transmission,Engine_CC,Mileage_kmpl,Seats,Owner_Count,Selling_Price
Kia,2012,84148,Diesel,Automatic,2444.0,17.4,5,4,1591000
Toyota,2026,88186,Petrol,Manual,1075.0,25.8,5,1,2669000
Ford,2019,156094,CNG,Automatic,1896.0,17.7,7,1,2061000
Tata,2023,128629,Diesel,Automatic,2502.0,25.8,7,1,3073000
Kia,2022,75316,Diesel,Manual,2595.0,22.1,7,1,3150000
Skoda,2023,33380,Petrol,Manual,1042.0,14.0,5,1,2136000
Honda,2023,115198,Petrol,Manual,1925.0,18.6,7,2,2654000
Kia,2015,7356,Petrol,Automatic,1786.0,25.9,7,3,2180000
Ford,2015,75326,CNG,Automatic,1484.0,23.7,5,4,1421000
Tata,2016,97447,Diesel,Manual,970.0,11.6,5,1,1148000
Toyota,2019,119994,Petrol,Manual,1452.0,21.3,5,3,1854000
Ford,2016,25049,Electric,Manual,987.0,15.5,7,1,1691000
Ford,2019,110361,Petrol,Manual,2264.0,10.1,5,1,2276000
Honda,2026,21082,Petrol,Manual,1909.0,16.5,7,3,2920000
Mahindra,2021,5661,Petrol,Automatic,2299.0,13.8,5,2,2534000
Tata,2012,7920,Diesel,Manual,851.0,23.1,7,1,1145000
Hyundai,2023,84561,CNG,Automatic,910.0,15.4,4,1,2334000
Ford,2026,13946,Petrol,Automatic,1676.0,23.2,5,1,2967000
Mahindra,2021,21309,CNG,Automatic,1866.0,10.0,5,2,2399000
Hyundai,2020,60230,Petrol,Manual,1010.0,14.9,5,1,1937000
Tata,2017,116822,CNG,Manual,2023.0,13.9,7,4,1660000
Maruti,2014,117340,Diesel,Manual,1657.0,13.7,5,1,1373000
Skoda,2024,64321,Diesel,Manual,2575.0,11.1,6,1,2944000
Mahindra,2025,137028,Petrol,Manual,1426.0,13.0,5,1,2436000
Volkswagen,2019,79131,Electric,Automatic,1849.0,18.9,5,1,2524000
Maruti,2020,30963,Diesel,Manual,1098.0,14.7,5,1,1934000
Skoda,2017,106757,Petrol,Manual,1900.0,16.7,4,2,1793000
Honda,2022,104259,Diesel,Manual,1723.0,16.0,7,3,2270000
Kia,2018,44063,Petrol,Manual,936.0,24.0,5,3,1471000
Toyota,2012,119225,CNG,Automatic,1843.0,24.5,7,2,1630000
Volkswagen,2025,121400,Petrol,Automatic,1239.0,17.9,8,2,2670000
Honda,2016,85818,Diesel,Manual,1010.0,15.3,5,1,1346000
Tata,2016,9703,Diesel,Manual,1551.0,11.7,5,2,1586000
Honda,2021,77099,Petrol,Manual,2374.0,25.3,6,1,2533000
Kia,2025,36585,Petrol,Manual,1234.0,11.0,8,1,2559000
Tata,2015,158087,Petrol,Manual,1579.0,14.8,7,1,1471000
Volkswagen,2017,48585,Petrol,Automatic,2030.0,14.8,5,1,2084000
Kia,2018,31958,Petrol,Manual,1238.0,15.1,7,1,1785000
Hyundai,2020,31017,Diesel,Manual,1465.0,12.6,5,3,1991000
Toyota,2012,129677,Petrol,Manual,1865.0,22.5,8,1,1196000
Volkswagen,2026,148273,Petrol,Manual,1210.0,12.0,8,1,2362000
Hyundai,2017,34426,Diesel,Manual,2346.0,20.2,5,1,2369000
Skoda,2018,22778,Petrol,Manual,1605.0,12.0,5,1,1784000
Volkswagen,2014,47229,CNG,Manual,1409.0,11.1,5,1,1204000
Skoda,2019,91652,CNG,Manual,1226.0,24.6,5,1,2138000
Tata,2026,133267,Diesel,Manual,2098.0,13.0,7,1,2811000
Hyundai,2016,131503,Diesel,Manual,2271.0,23.1,5,1,2111000
Toyota,2026,89878,CNG,Manual,1701.0,18.7,5,2,2758000
Kia,2020,62056,Petrol,Automatic,1741.0,11.2,5,2,2147000
Ford,2016,24975,Petrol,Manual,1541.0,25.3,8,1,1869000
Honda,2020,159351,Petrol,Manual,2192.0,14.0,5,1,2027000
Maruti,2021,147633,Diesel,Manual,2043.0,23.8,5,1,2372000
Toyota,2015,93397,Petrol,Manual,2400.0,12.7,5,2,1748000
Hyundai,2020,38142,Diesel,Manual,2055.0,23.7,8,1,2340000
Ford,2016,31916,Electric,Automatic,1127.0,10.2,7,1,1888000
Toyota,2021,69324,CNG,Automatic,2266.0,,5,2,2611000
Hyundai,2020,130932,Diesel,Manual,851.0,22.3,5,1,1769000
Mahindra,2014,140720,Petrol,Manual,1175.0,25.0,5,1,1109000
Mahindra,2026,101059,Diesel,Manual,1062.0,24.5,5,1,2800000
Skoda,2015,103317,Diesel,Automatic,1066.0,23.1,5,3,1552000
Toyota,2020,40046,Petrol,Manual,1158.0,24.2,7,2,2271000
Mahindra,2021,106459,Petrol,Manual,2140.0,13.2,5,2,2197000
Hyundai,2022,50893,CNG,Manual,2147.0,14.5,7,1,2435000
Skoda,2017,106520,Diesel,Manual,2489.0,14.6,5,1,2374000
Hyundai,2013,130818,Diesel,Manual,1451.0,16.0,7,4,1104000
Skoda,2018,66272,CNG,Manual,2386.0,16.3,7,3,2135000
Toyota,2013,72649,Diesel,Manual,2452.0,18.7,5,1,1916000
Ford,2022,69674,Petrol,Automatic,2244.0,12.6,5,2,2670000
Kia,2013,149832,Petrol,Manual,845.0,21.1,5,1,960000
Volkswagen,2022,157999,Petrol,Manual,1399.0,12.7,5,1,2148000
Ford,2012,91475,Petrol,Automatic,1519.0,15.0,5,2,1295000
Tata,2022,66367,Diesel,Manual,2092.0,18.1,5,1,2448000
Hyundai,2022,148660,Diesel,Manual,1400.0,22.7,8,3,1988000
Tata,2023,126750,CNG,Manual,1180.0,21.8,5,1,2305000
Ford,2022,123154,Petrol,Manual,917.0,20.3,7,1,1683000
Skoda,2014,49738,Diesel,Automatic,2389.0,12.5,5,3,1838000
Volkswagen,2017,38397,Diesel,Manual,915.0,18.8,7,3,1449000
Volkswagen,2019,87189,Diesel,Manual,2453.0,11.4,5,1,2258000
Maruti,2020,81367,Diesel,Manual,1059.0,16.0,7,1,1915000
Volkswagen,2018,125585,Petrol,Manual,1898.0,16.6,5,2,1795000
Kia,2015,81619,Petrol,Automatic,2303.0,10.6,5,1,1829000
Volkswagen,2017,116453,Petrol,Manual,1104.0,14.4,5,3,1191000
Ford,2016,24816,Petrol,Manual,806.0,25.3,5,3,1653000
Maruti,2019,142348,Petrol,Automatic,1165.0,25.3,5,1,2083000
Ford,2012,84530,Diesel,Manual,2457.0,15.6,5,1,1457000
Ford,2012,159571,Electric,Automatic,1322.0,10.7,4,1,1361000
Honda,2024,113856,Diesel,Automatic,2171.0,12.9,7,3,2722000
Maruti,2026,76635,,Automatic,2261.0,16.3,5,1,3145000
Ford,2022,112803,Petrol,Manual,2038.0,25.2,5,1,2471000
Honda,2017,40946,Diesel,Manual,1228.0,12.3,7,1,1707000
Honda,2021,60204,Petrol,Automatic,1590.0,22.2,5,1,2536000
Maruti,2023,20563,Petrol,Manual,2321.0,11.7,5,1,2713000
Tata,2013,97324,Petrol,Manual,2363.0,25.7,5,1,1663000
Skoda,2016,14847,Petrol,Automatic,1546.0,16.1,7,3,1696000
Kia,2012,31155,Petrol,Automatic,1166.0,22.4,7,3,1221000
Skoda,2018,84671,Petrol,Manual,1112.0,15.5,7,2,1480000
Volkswagen,2012,121891,Petrol,Manual,1337.0,20.0,5,1,1094000
Kia,2015,88310,Electric,Manual,1720.0,13.1,7,1,1718000
Volkswagen,2020,154381,Petrol,Automatic,1877.0,12.3,5,2,2010000
Ford,2012,136691,Petrol,Automatic,2364.0,25.0,4,1,1799000
Hyundai,2015,39707,Petrol,Manual,2290.0,24.7,4,3,2027000
Maruti,2017,156409,Diesel,Manual,1664.0,24.2,5,2,1696000
Kia,2017,86537,Petrol,Automatic,1987.0,20.0,5,1,2084000
Kia,2023,96155,Petrol,Manual,1581.0,22.9,5,3,2550000
Ford,2026,5281,Petrol,Manual,1133.0,11.1,4,3,2468000
Tata,2024,137130,Petrol,Automatic,2370.0,15.4,5,1,2735000
Honda,2019,81260,Petrol,Manual,1597.0,15.0,7,1,1867000
Ford,2012,145272,Petrol,Manual,1147.0,20.2,5,1,966000
Mahindra,2018,69178,Petrol,Manual,1072.0,15.7,7,1,1834000
Honda,2012,38997,Petrol,Manual,1762.0,12.4,5,1,1255000
Maruti,2024,124273,Petrol,Automatic,1519.0,19.5,7,1,2612000
Honda,2025,137311,Diesel,Manual,2573.0,23.0,5,3,2884000
Tata,2018,131945,Diesel,Automatic,2237.0,16.1,5,1,2156000
Honda,2014,50272,Petrol,Manual,1299.0,12.1,5,1,1021000
Maruti,2022,94393,Petrol,Manual,1916.0,13.1,5,2,2203000
Tata,2019,66212,CNG,Manual,1484.0,13.8,7,1,2113000
Skoda,2014,151470,Petrol,Manual,878.0,14.8,5,2,850000
Kia,2025,125030,Petrol,Manual,1421.0,20.3,5,1,2510000
Kia,2025,61503,Diesel,Manual,2040.0,19.6,7,1,2950000
Volkswagen,2024,142710,Petrol,Manual,1746.0,21.1,6,1,2542000
Skoda,2012,11570,Petrol,Manual,1157.0,15.8,5,2,1101000
Skoda,2024,73785,Petrol,Automatic,1417.0,23.2,5,1,2547000
Honda,2024,14110,CNG,Manual,1306.0,13.3,5,2,2586000
Kia,2025,84141,,Automatic,2382.0,17.5,5,1,3181000
Maruti,2019,17115,Diesel,Manual,2004.0,22.8,5,1,2304000
Toyota,2014,44062,,Manual,1375.0,12.9,8,1,1705000
Toyota,2013,27911,Petrol,Manual,2069.0,11.8,5,3,1563000
Tata,2012,109061,Petrol,Manual,1043.0,24.1,5,3,962000
Kia,2025,37556,Petrol,Manual,1305.0,15.5,5,1,2359000
Kia,2014,133335,Petrol,Automatic,1221.0,20.9,7,1,1587000
Toyota,2026,6969,Petrol,Automatic,2143.0,10.4,7,1,3188000
Kia,2013,48753,CNG,Manual,1910.0,21.0,5,1,1598000
Honda,2013,140542,Diesel,Manual,1016.0,15.1,7,1,1434000
Mahindra,2017,126863,Diesel,Automatic,2313.0,10.9,5,3,1974000
Hyundai,2023,15225,Petrol,Manual,2342.0,19.8,5,3,2679000
Skoda,2012,128008,Diesel,Automatic,2101.0,13.9,5,1,1254000
Volkswagen,2013,159268,Electric,Automatic,2545.0,16.2,5,1,2084000
Tata,2025,110823,Diesel,Automatic,1808.0,11.3,5,3,2417000
Mahindra,2017,18669,Petrol,Manual,1992.0,12.4,7,2,1885000
Toyota,2014,129398,Diesel,Manual,1129.0,14.8,5,1,1208000
Skoda,2026,115677,Petrol,Manual,1449.0,11.4,7,1,2774000
Kia,2015,53320,Petrol,Manual,2264.0,24.6,5,1,2104000
Volkswagen,2012,151649,Petrol,Automatic,1190.0,10.1,5,1,934000
Kia,2019,130354,Diesel,Manual,2319.0,17.7,5,1,2311000
Maruti,2024,93009,Diesel,Manual,1180.0,12.0,5,1,2181000
Maruti,2018,33625,Petrol,Automatic,2129.0,14.9,5,2,2182000
Volkswagen,2018,29089,Petrol,Automatic,1541.0,24.8,5,1,2190000
Volkswagen,2014,41487,Petrol,Automatic,1619.0,12.6,5,1,1715000
Toyota,2021,115448,Petrol,Automatic,1472.0,25.5,5,1,2470000
Volkswagen,2021,55138,Petrol,Manual,1312.0,13.3,7,2,2151000
Honda,2014,59061,Petrol,Manual,2571.0,21.9,5,2,1865000
Kia,2025,106376,Diesel,Automatic,1748.0,18.7,5,1,2935000
Mahindra,2013,84134,Petrol,Manual,2011.0,24.2,5,1,1592000
Ford,2023,52055,Petrol,Manual,1729.0,18.9,7,4,2252000
Volkswagen,2012,24508,Petrol,Manual,2339.0,18.6,7,1,1730000
Tata,2018,115169,Electric,Manual,1712.0,13.1,5,1,1990000
Maruti,2018,13125,Diesel,Automatic,1443.0,12.7,5,1,2132000
Honda,2023,41059,Diesel,Manual,1226.0,24.7,5,1,2477000
Skoda,2013,108409,Petrol,Manual,1301.0,15.2,8,1,1010000
Ford,2018,153159,Diesel,Manual,1529.0,16.0,6,3,1582000
Mahindra,2024,10704,Petrol,Manual,2083.0,22.2,5,2,2855000
Ford,2019,116279,Diesel,Manual,2336.0,15.4,5,1,2236000
Volkswagen,2012,123516,CNG,Manual,870.0,25.2,5,3,977000
Toyota,2020,119044,Diesel,Automatic,1277.0,21.8,8,1,2301000
Maruti,2018,34165,CNG,Manual,2001.0,19.6,5,1,2080000
Maruti,2014,72203,Diesel,Manual,1256.0,24.1,5,1,1372000
Skoda,2019,9114,Petrol,Manual,988.0,10.8,5,2,1601000
Toyota,2018,41321,CNG,Automatic,1090.0,14.1,7,1,2071000
Kia,2022,78297,Petrol,Manual,2343.0,17.4,7,1,2892000
Hyundai,2026,101652,Diesel,Automatic,2588.0,13.6,6,2,3101000
Honda,2024,104304,Petrol,Manual,1719.0,21.9,5,2,2481000
Maruti,2019,22772,Petrol,Automatic,1091.0,24.7,7,2,2259000
Tata,2017,108754,Petrol,Manual,1555.0,16.8,5,1,1714000
Maruti,2020,8712,Petrol,Automatic,2458.0,15.5,5,1,2689000
Ford,2026,137439,Petrol,Manual,2106.0,25.4,5,1,2737000
Maruti,2016,120142,Diesel,Automatic,2367.0,17.1,8,1,2130000
Maruti,2014,96736,Petrol,Manual,1176.0,17.8,5,3,963000
Hyundai,2014,56924,Petrol,Manual,2481.0,15.6,7,1,1780000
Hyundai,2012,8726,Diesel,Manual,1979.0,24.6,7,1,1747000
Mahindra,2023,94152,Petrol,Manual,1307.0,19.1,5,2,2130000
Kia,2026,32723,Diesel,Automatic,2236.0,22.2,5,1,3325000
Tata,2019,131969,Diesel,Manual,1327.0,23.0,5,1,1705000
Maruti,2013,105494,CNG,Manual,2178.0,15.5,5,2,1551000
Maruti,2014,145180,Diesel,Manual,1358.0,16.9,5,2,1312000
Honda,2019,40643,Petrol,Manual,2586.0,23.6,4,2,2267000
Hyundai,2025,108896,Diesel,Automatic,2010.0,15.8,7,1,3080000
Tata,2019,144999,Petrol,Automatic,1854.0,22.7,8,1,2022000
Skoda,2025,98680,Petrol,Automatic,1059.0,25.1,5,2,2629000
Mahindra,2022,101546,Diesel,Manual,1220.0,20.0,5,1,2184000
Kia,2015,158515,Petrol,Manual,2352.0,21.9,4,1,1803000
Toyota,2015,84973,Diesel,Automatic,2374.0,22.9,7,3,2136000
Kia,2016,68449,Diesel,Manual,1103.0,23.5,7,1,1888000
Ford,2017,114834,CNG,Manual,1741.0,16.3,5,2,1516000
Maruti,2016,30537,CNG,Manual,1862.0,10.8,5,1,1840000
Mahindra,2025,82576,Petrol,Manual,2312.0,16.4,7,1,3105000
Ford,2026,112522,Petrol,Manual,2467.0,20.8,5,1,3103000
Tata,2018,27612,Diesel,Automatic,1341.0,17.2,4,2,2240000
Toyota,2013,11471,Petrol,Manual,2493.0,22.0,5,1,1919000
Hyundai,2018,36348,Diesel,Manual,2101.0,15.7,5,1,2314000
Mahindra,2021,6177,Diesel,Manual,2026.0,20.2,5,2,2541000
Mahindra,2018,140832,Diesel,Manual,1889.0,13.0,7,2,2049000
Maruti,2012,37779,Petrol,Manual,907.0,22.0,7,3,1017000
Volkswagen,2018,26636,Petrol,Automatic,1067.0,18.7,5,1,1855000
Mahindra,2016,86889,Petrol,Automatic,1021.0,13.3,7,1,1710000
Honda,2014,58551,Petrol,Manual,2353.0,14.7,5,3,1593000
Toyota,2024,147628,CNG,Automatic,1913.0,22.0,7,2,2627000
Toyota,2014,147635,Petrol,Automatic,1492.0,17.7,5,1,1392000
Honda,2015,51819,Petrol,Automatic,1054.0,13.5,7,1,1622000
Skoda,2024,78770,Petrol,Automatic,2278.0,25.5,7,2,3236000
Honda,2023,83714,Diesel,Manual,1052.0,21.4,5,1,2307000
Honda,2013,29596,Diesel,Manual,1056.0,25.3,7,2,1592000
Toyota,2013,69106,Petrol,Manual,1182.0,16.8,7,1,1170000
Kia,2012,64182,Petrol,Manual,1241.0,17.6,7,1,1184000
Toyota,2026,92163,Petrol,Automatic,1398.0,24.4,5,2,2780000
Volkswagen,2016,44310,Petrol,Manual,1913.0,18.4,7,1,1964000
Maruti,2015,61088,Diesel,Automatic,2572.0,21.3,7,1,2306000
Ford,2022,133803,Diesel,Automatic,1189.0,14.0,5,1,2196000
Kia,2021,144978,Petrol,Automatic,1381.0,17.1,7,1,2139000
Hyundai,2026,41914,Petrol,Automatic,1867.0,12.0,4,2,2880000
Ford,2013,115350,Electric,Manual,2535.0,13.3,5,2,1720000
Maruti,2014,50379,Petrol,Manual,2487.0,10.0,5,2,1563000
Volkswagen,2018,51413,Diesel,Manual,1397.0,10.6,5,1,1814000
Volkswagen,2018,142084,Petrol,Manual,818.0,25.6,5,1,1526000
Hyundai,2023,12151,Petrol,Manual,1924.0,13.9,4,1,2584000
Kia,2015,62716,Petrol,Manual,1406.0,20.6,8,3,1450000
Skoda,2016,98747,Petrol,Automatic,2589.0,23.4,4,2,2209000
Honda,2016,149539,Electric,Manual,2180.0,18.8,5,2,1898000
Kia,2017,126999,Petrol,Manual,2365.0,12.5,4,1,2100000
Skoda,2025,119793,Petrol,Manual,2584.0,21.6,5,1,2880000
Volkswagen,2020,113177,Petrol,Manual,832.0,19.6,7,1,1736000
Toyota,2013,17289,Petrol,Manual,2052.0,21.7,6,1,2115000
Maruti,2016,159243,Petrol,Automatic,2347.0,22.3,7,1,1930000
Hyundai,2023,91365,Petrol,Manual,2453.0,25.6,4,3,2538000
Maruti,2014,119014,Diesel,Automatic,1661.0,19.2,5,1,1662000
Tata,2015,77588,Petrol,Manual,954.0,15.5,5,1,986000
Tata,2021,68646,Petrol,Automatic,2246.0,20.4,5,1,2586000
Kia,2017,8654,CNG,Manual,1704.0,11.1,5,3,2044000
Volkswagen,2023,23743,Petrol,Manual,2069.0,24.4,7,1,2718000
Volkswagen,2019,53368,Electric,Manual,1204.0,11.9,5,2,1713000
Honda,2012,142513,Petrol,Automatic,1643.0,15.2,7,3,1013000
Honda,2021,124735,CNG,Manual,2582.0,23.1,5,1,2736000
Honda,2025,124891,Diesel,Manual,2364.0,19.6,5,2,3017000
Toyota,2019,112971,Diesel,Automatic,1984.0,16.3,5,1,2244000
Ford,2022,17149,Electric,Automatic,1546.0,17.6,5,1,2778000
Mahindra,2025,105102,Petrol,Manual,2525.0,23.7,7,2,3221000
Ford,2018,64189,Electric,Automatic,1940.0,15.4,5,2,2467000
Maruti,2012,157747,Petrol,Manual,1070.0,23.9,5,1,884000
Ford,2013,76031,Petrol,Manual,1569.0,11.4,8,1,940000
Toyota,2014,47668,Petrol,Manual,2515.0,22.4,5,1,1931000
Maruti,2012,149745,Diesel,Automatic,2310.0,23.6,5,1,1585000
Ford,2025,93204,Petrol,Automatic,971.0,12.9,5,1,2301000
Toyota,2020,159741,Diesel,Manual,1073.0,16.9,5,1,1800000
Mahindra,2019,145507,Diesel,Manual,1058.0,12.6,7,1,1842000
Ford,2013,42384,Diesel,Manual,1958.0,21.3,7,2,1834000
Toyota,2024,86929,Diesel,Automatic,2506.0,18.6,8,1,3113000
Honda,2020,132959,Petrol,Automatic,2545.0,20.2,5,1,2673000
Volkswagen,2018,81153,Petrol,Manual,2571.0,13.1,5,1,2269000
Honda,2020,80388,Petrol,Automatic,1221.0,13.4,7,2,2027000
Volkswagen,2017,36401,Petrol,Automatic,2244.0,10.7,5,1,2268000
Hyundai,2017,124503,Petrol,Manual,2009.0,15.2,5,1,1811000
Hyundai,2022,132834,Petrol,Manual,1163.0,19.0,5,1,2256000
Hyundai,2025,39084,Petrol,Manual,2430.0,23.7,5,2,2872000
Mahindra,2015,115641,Electric,Manual,1177.0,20.7,5,1,1509000
Honda,2021,110111,Diesel,Manual,2346.0,17.0,7,2,2523000
Volkswagen,2021,143299,Petrol,Manual,1379.0,25.2,7,3,2098000
Toyota,2024,41041,Diesel,Automatic,1690.0,21.5,5,2,3011000
Maruti,2024,93920,Petrol,Manual,1521.0,24.9,5,2,2437000
Toyota,2013,70681,Petrol,Manual,2019.0,18.4,5,1,1444000
Maruti,2018,86571,Diesel,Automatic,1680.0,14.1,7,1,2186000
Tata,2016,132556,Petrol,Automatic,1921.0,10.8,5,4,1586000
Toyota,2022,31160,Petrol,Manual,1404.0,21.6,7,1,2282000
Ford,2017,22633,Electric,Manual,821.0,11.9,5,1,1656000
Ford,2013,22014,CNG,Manual,2273.0,14.8,5,2,1442000
Kia,2016,85532,Diesel,Manual,1995.0,18.5,5,1,1844000
Honda,2021,54104,Diesel,Manual,1182.0,19.0,7,1,2146000
Maruti,2015,82231,Diesel,Manual,933.0,19.6,5,1,1429000
Maruti,2020,73388,Petrol,Automatic,2249.0,12.7,5,1,2395000
Honda,2017,21014,Petrol,Manual,1848.0,16.1,5,2,1760000
Mahindra,2013,97578,Petrol,Manual,1302.0,19.9,7,1,1413000
Kia,2012,45390,Petrol,Automatic,2008.0,25.5,7,1,1655000
Mahindra,2016,28711,Diesel,Manual,1908.0,21.6,5,1,2058000
Mahindra,2020,96658,Petrol,Manual,2390.0,24.8,7,2,2408000
Mahindra,2017,62993,Electric,Automatic,2586.0,22.2,5,2,2510000
Honda,2021,12421,CNG,Manual,943.0,19.5,5,1,2175000
Mahindra,2023,22727,Diesel,Automatic,2502.0,13.1,5,2,3014000
Ford,2018,117418,Diesel,Automatic,2235.0,20.7,5,1,2419000
Hyundai,2016,9358,CNG,Automatic,1023.0,20.0,7,3,1681000
Tata,2021,70108,Petrol,Automatic,1019.0,19.6,7,1,2211000
Maruti,2017,99018,Diesel,Manual,978.0,17.8,5,2,1384000
Maruti,2016,129457,Petrol,Manual,2454.0,18.5,5,1,1918000
Tata,2022,36910,Diesel,Manual,1232.0,15.4,7,1,2379000
Honda,2020,131888,Petrol,Manual,1064.0,18.3,7,1,1853000
Toyota,2026,60754,CNG,Manual,1753.0,13.2,5,3,2498000
Honda,2017,114847,Electric,Manual,1228.0,22.9,7,1,1976000
Maruti,2022,43467,Petrol,Automatic,2485.0,13.0,5,3,2668000
Maruti,2019,153697,Petrol,Manual,1215.0,11.4,5,1,1461000
Tata,2013,38893,Electric,Manual,2276.0,17.0,7,1,1835000
Mahindra,2023,81329,Petrol,Manual,1526.0,20.5,5,1,2580000
Honda,2024,36007,,Manual,996.0,17.0,5,2,2363000
Volkswagen,2020,59253,Diesel,Manual,2377.0,14.4,5,1,2459000
Tata,2016,17323,Petrol,Manual,1876.0,18.9,7,3,1719000
Ford,2018,116335,Petrol,Manual,1279.0,15.6,7,3,1459000
Maruti,2021,117356,Petrol,Manual,2266.0,24.9,5,3,2482000
Tata,2024,115944,Diesel,Automatic,2153.0,24.8,5,1,2944000
Honda,2012,150282,Petrol,Automatic,2074.0,18.0,5,2,1306000
Maruti,2021,21456,Petrol,Manual,1689.0,15.2,5,2,2265000
Toyota,2016,36367,Petrol,Manual,1724.0,21.8,5,1,1824000
Tata,2023,59624,Diesel,Automatic,922.0,10.6,7,2,2424000
Kia,2025,146178,CNG,Automatic,2210.0,17.6,5,1,3067000
Maruti,2021,73008,Electric,Manual,2162.0,15.4,5,1,2532000
Honda,2025,130926,Petrol,Automatic,1577.0,24.7,5,1,2651000
Hyundai,2013,120395,Diesel,Manual,1147.0,10.2,5,1,715000
Volkswagen,2023,121492,Diesel,Automatic,828.0,18.8,7,1,2120000
Skoda,2017,77240,Diesel,Automatic,1774.0,21.9,5,1,1959000
Mahindra,2022,69315,Electric,Manual,834.0,17.8,5,2,2165000
Skoda,2012,15756,Petrol,Automatic,2341.0,11.4,5,1,1700000
Honda,2014,41378,Petrol,Manual,2219.0,25.6,5,1,1751000
Ford,2016,140327,CNG,Automatic,1422.0,18.3,4,1,1554000
Ford,2015,150556,Petrol,Manual,2117.0,19.8,5,1,1686000
Hyundai,2014,130703,CNG,Automatic,1388.0,13.8,5,2,1343000
Mahindra,2021,61549,CNG,Manual,2172.0,17.7,5,1,2266000
Kia,2024,78794,Petrol,Manual,1970.0,16.9,5,2,2594000
Hyundai,2016,50113,CNG,Manual,1890.0,11.2,5,1,1604000
Skoda,2022,79069,Petrol,Automatic,1703.0,11.7,8,2,2442000
Hyundai,2019,141321,Petrol,Automatic,1319.0,23.4,5,1,2018000
Skoda,2022,155273,Diesel,Automatic,921.0,13.8,5,1,1909000
Maruti,2015,130541,CNG,Automatic,1139.0,13.1,5,2,1154000
Ford,2012,14686,Petrol,Manual,974.0,18.1,5,1,1023000
Maruti,2022,58363,Petrol,Manual,2514.0,22.3,7,2,2501000
Volkswagen,2018,102543,Diesel,Manual,1396.0,11.0,5,2,1706000
Mahindra,2019,136733,Diesel,Manual,1250.0,19.2,7,1,1865000
Kia,2014,100673,Diesel,Manual,1356.0,11.9,4,1,1439000
Skoda,2017,47828,Petrol,Manual,1959.0,10.6,5,1,1776000
Kia,2013,53604,Petrol,Manual,1839.0,10.8,7,3,1315000
Skoda,2018,15526,Petrol,Manual,2156.0,23.3,5,2,2092000
Honda,2026,73910,Diesel,Manual,2018.0,11.9,5,1,2781000
Hyundai,2019,30592,Petrol,Manual,2319.0,10.7,5,1,2126000
Volkswagen,2017,33982,Petrol,Automatic,808.0,17.0,7,1,1859000
Ford,2017,5207,Electric,Automatic,1133.0,23.5,5,2,1956000
Skoda,2016,93733,Petrol,Automatic,2156.0,14.2,7,1,2069000
Kia,2019,129982,Electric,Manual,1816.0,16.7,5,1,2153000
Volkswagen,2012,73619,Diesel,Manual,1126.0,10.6,7,3,847000
Toyota,2021,51479,Diesel,Automatic,814.0,17.2,5,1,2140000
Toyota,2015,156175,Petrol,Manual,1638.0,19.2,7,1,1666000
Maruti,2026,146826,Petrol,Manual,2437.0,19.1,5,3,2637000
Ford,2015,86437,Diesel,Manual,1025.0,15.3,7,2,1424000
Honda,2014,103540,Diesel,Manual,2248.0,15.0,5,1,1620000
Kia,2014,77982,Diesel,Manual,2231.0,11.7,5,1,1674000
Hyundai,2015,107747,Petrol,Manual,912.0,15.9,5,1,1239000
Hyundai,2022,53231,Diesel,Manual,2251.0,11.6,5,1,2512000
Kia,2012,34301,Diesel,Manual,800.0,22.3,5,3,1032000
Mahindra,2025,23752,Diesel,Manual,1065.0,25.5,7,1,2727000
Honda,2022,103452,Diesel,Automatic,2314.0,25.5,8,2,2808000
Volkswagen,2024,149467,CNG,Manual,2031.0,23.8,5,3,2257000
Skoda,2022,126237,Diesel,Manual,2445.0,19.6,7,1,2547000
Mahindra,2013,61273,Petrol,Automatic,2535.0,21.2,5,1,2020000
Skoda,2020,96878,Petrol,Manual,1751.0,14.6,5,1,2218000
Skoda,2021,9895,Petrol,Manual,2192.0,20.1,7,3,2485000
Mahindra,2013,124968,Petrol,Manual,1105.0,17.3,6,2,950000
Maruti,2016,120700,Petrol,Manual,811.0,17.7,8,1,1247000
Toyota,2020,81559,Petrol,Manual,2168.0,22.1,5,2,2460000
Skoda,2020,15699,Petrol,Automatic,2288.0,14.5,6,1,2357000
Mahindra,2019,14715,Petrol,Manual,2523.0,15.1,5,3,2223000
Mahindra,2012,24169,Diesel,Manual,2489.0,24.8,5,1,1857000
Tata,2012,123413,Electric,Manual,2317.0,10.9,4,1,1641000
Maruti,2020,152235,Petrol,Manual,2191.0,17.8,8,3,2320000
Ford,2024,124264,Electric,Manual,1736.0,24.6,7,1,2813000
Tata,2022,10782,Diesel,Manual,1219.0,19.8,7,1,2266000
Tata,2019,129481,Petrol,Manual,1688.0,18.7,5,1,1953000
Kia,2021,40585,Petrol,Manual,970.0,14.0,5,1,2133000
Toyota,2020,35682,Petrol,Manual,933.0,15.5,5,1,1935000
Mahindra,2018,134992,Diesel,Manual,1764.0,23.6,5,3,1745000
Toyota,2014,89416,Diesel,Automatic,2250.0,18.9,5,1,2091000
Honda,2014,132810,Petrol,Manual,1848.0,18.2,7,1,1640000
Kia,2013,43067,Petrol,Manual,2353.0,11.6,5,2,1489000
Ford,2016,23073,Petrol,Manual,2013.0,10.3,5,1,1854000
Toyota,2023,41035,Petrol,Automatic,1964.0,25.4,4,1,3038000
Hyundai,2023,95373,Petrol,Manual,2378.0,16.0,5,2,2734000
Skoda,2014,88362,Petrol,Manual,1457.0,19.7,5,2,1356000
Honda,2025,95517,Diesel,Automatic,2138.0,11.3,7,2,2897000
Maruti,2017,70450,CNG,Automatic,2267.0,20.9,5,2,2306000
Ford,2013,15382,Petrol,Manual,2142.0,24.9,7,1,1712000
Honda,2023,140509,CNG,Manual,2264.0,19.2,5,3,2541000
Skoda,2014,66929,Petrol,Automatic,1915.0,12.0,5,1,1512000
Kia,2016,103864,Petrol,Automatic,978.0,19.3,5,2,1584000
Skoda,2023,148401,Petrol,Automatic,1879.0,22.3,7,1,2646000
Tata,2022,30169,Diesel,Manual,1978.0,16.5,7,3,2691000
Skoda,2022,92468,Electric,Manual,2495.0,24.1,5,2,2972000
Tata,2012,39594,Diesel,Manual,910.0,20.4,5,2,904000
Kia,2024,50033,Petrol,Automatic,936.0,24.4,5,1,2693000
Volkswagen,2012,68133,Diesel,Manual,1031.0,20.0,5,1,1328000
Tata,2021,78861,Petrol,Manual,1791.0,12.1,7,2,2297000
Maruti,2020,36750,CNG,Automatic,1267.0,15.0,5,2,1947000
Skoda,2018,45461,Petrol,Manual,1531.0,13.2,5,1,1838000
Skoda,2012,83222,Petrol,Automatic,1280.0,24.5,5,3,1229000
Maruti,2026,117020,Diesel,Manual,1891.0,22.2,5,3,2642000
Hyundai,2023,29226,Diesel,Manual,1613.0,20.8,5,1,2808000
Mahindra,2025,11721,Petrol,Manual,2072.0,14.8,4,2,2854000
Volkswagen,2019,25609,Diesel,Automatic,1793.0,12.9,7,1,2068000
Ford,2014,135513,Petrol,Manual,1122.0,22.1,7,1,1295000
Tata,2019,109211,Diesel,Manual,1721.0,17.6,5,1,1972000
Maruti,2026,141728,Diesel,Automatic,1703.0,13.6,7,1,2808000
Kia,2016,129865,Diesel,Manual,2341.0,19.9,5,2,1890000
Tata,2012,79520,Diesel,Manual,2255.0,10.6,5,1,1561000
Mahindra,2018,69309,Diesel,Manual,2310.0,15.2,5,2,2296000
Kia,2016,34984,Petrol,Manual,1405.0,17.5,5,2,1662000
Honda,2017,123947,Diesel,Manual,1228.0,12.4,5,2,1426000
Skoda,2017,10901,Petrol,Manual,2092.0,25.8,5,1,2246000
Honda,2019,36055,Petrol,Manual,2532.0,13.3,5,2,2345000
Tata,2020,150788,Petrol,Manual,2360.0,12.1,8,1,2060000
Mahindra,2013,119099,Petrol,Manual,947.0,13.3,5,1,1003000
Volkswagen,2020,16138,Diesel,Manual,1941.0,22.3,5,1,2555000
Tata,2023,28429,Petrol,Manual,1649.0,16.8,5,1,2668000
Maruti,2026,55200,Diesel,Manual,1166.0,19.0,5,3,2651000
Toyota,2022,106268,Petrol,Manual,1649.0,10.3,5,1,2137000
Tata,2021,22347,Petrol,Manual,1889.0,10.6,7,2,2423000
Skoda,2020,152992,Petrol,Manual,1612.0,17.1,5,1,1844000
Skoda,2024,36822,Petrol,Automatic,2193.0,23.1,5,1,3142000
Tata,2021,45108,Petrol,Manual,974.0,24.2,5,4,1803000
Kia,2026,133955,Diesel,Automatic,1387.0,11.4,5,2,2454000
Toyota,2021,12967,Petrol,Automatic,1294.0,18.6,5,1,2422000
Maruti,2018,115719,Diesel,Manual,1772.0,24.6,5,1,1681000
Tata,2012,16871,Petrol,Manual,1937.0,16.2,5,1,1254000
Kia,2018,33179,Petrol,Manual,1934.0,23.3,5,1,2188000
Skoda,2021,60099,Diesel,Automatic,2584.0,12.1,5,2,2722000
Skoda,2016,40262,Petrol,Manual,2262.0,25.0,8,2,2038000
Mahindra,2017,83213,Petrol,Manual,2538.0,22.0,4,1,2026000
Tata,2021,122407,Petrol,Manual,1970.0,25.1,7,3,2198000
Toyota,2018,154340,Petrol,Automatic,834.0,20.8,7,1,1765000
Hyundai,2025,91269,CNG,Automatic,1798.0,15.8,5,1,2849000
Toyota,2026,65545,Petrol,Manual,2132.0,25.0,5,1,3127000
Skoda,2016,44922,Diesel,Manual,1337.0,14.4,5,2,1745000
Skoda,2018,47913,CNG,Manual,1549.0,15.3,7,1,2074000
Honda,2020,102033,Petrol,Manual,,21.2,5,1,2110000
Skoda,2014,109792,CNG,Automatic,1173.0,22.2,7,1,1508000
Maruti,2019,124863,Petrol,Manual,1356.0,24.9,7,1,1770000
Ford,2013,49936,Electric,Manual,2251.0,13.3,7,2,1814000
Tata,2022,33141,Petrol,Manual,2551.0,22.8,5,1,2965000
Toyota,2018,145146,Diesel,Automatic,1032.0,21.8,5,1,1896000
Ford,2024,142478,Petrol,Automatic,1504.0,11.0,7,2,2519000
Kia,2013,102359,Petrol,Manual,1362.0,16.2,5,3,1040000
Hyundai,2026,128279,Diesel,Automatic,1738.0,14.5,5,3,2838000
Maruti,2025,159363,Diesel,Manual,1686.0,14.9,7,1,2545000
Toyota,2015,46568,Petrol,Manual,1525.0,25.7,5,1,1944000
Ford,2018,102539,Petrol,Manual,2486.0,20.3,7,1,2286000
Hyundai,2014,51851,Diesel,Manual,2263.0,21.5,6,1,1983000
Honda,2013,59823,Diesel,Manual,2325.0,25.6,5,3,1932000
Maruti,2022,28312,Electric,Automatic,2098.0,16.0,7,1,2950000
Maruti,2021,103723,Diesel,Manual,875.0,22.8,5,1,1965000
Honda,2018,17411,Electric,Manual,1238.0,17.0,5,1,2223000
Tata,2012,62009,Diesel,Manual,2555.0,23.9,5,1,1795000
Honda,2025,151494,Petrol,Manual,1498.0,12.9,5,2,2143000
Maruti,2026,37371,Petrol,Automatic,2112.0,25.2,5,1,3457000
Maruti,2019,62022,Diesel,Manual,1714.0,13.5,5,1,1978000
Ford,2014,76229,Diesel,Manual,2363.0,15.2,5,1,1797000
Skoda,2023,104071,Petrol,Automatic,1690.0,22.1,5,1,2732000
Hyundai,2023,101774,Petrol,Manual,1491.0,16.3,7,1,2293000
Honda,2024,31715,Electric,Manual,1052.0,19.7,7,2,2533000
Hyundai,2013,32605,Petrol,Manual,1949.0,17.1,5,1,1598000
Honda,2014,104853,Petrol,Manual,2000.0,21.9,5,2,1362000
Kia,2016,36174,Petrol,Automatic,1860.0,13.7,5,3,1784000
Maruti,2022,146028,Petrol,Automatic,1209.0,10.9,5,3,1883000
Skoda,2019,81373,Petrol,Manual,2434.0,14.8,7,3,2237000
Ford,2021,74252,Petrol,Automatic,2433.0,17.6,7,1,2535000
Skoda,2018,75017,Petrol,Manual,926.0,12.7,5,1,1745000
Skoda,2018,68037,Diesel,Manual,2306.0,15.7,5,1,2272000
Skoda,2023,94818,Petrol,Manual,1991.0,16.4,5,3,2580000
Hyundai,2018,11548,Diesel,Manual,1391.0,10.9,5,4,1658000
Honda,2026,121981,CNG,Manual,1093.0,19.3,5,2,2310000
Volkswagen,2019,159249,Petrol,Manual,2461.0,24.1,8,1,2315000
Kia,2012,29022,Diesel,Automatic,2166.0,12.4,7,3,1657000
Toyota,2015,111297,Petrol,Manual,1819.0,19.6,5,1,1534000
Skoda,2024,141614,CNG,Manual,1109.0,20.6,5,1,2445000
Tata,2017,65428,Petrol,Manual,1461.0,16.7,7,1,1714000
Hyundai,2020,158812,Diesel,Manual,1327.0,21.2,5,1,1696000
Ford,2024,64353,Diesel,Manual,1339.0,16.6,5,1,2600000
Toyota,2013,118132,Petrol,Manual,1218.0,18.1,5,1,1118000
Volkswagen,2012,21052,Petrol,Automatic,1243.0,10.1,7,1,1253000
Tata,2024,105689,Diesel,Manual,1484.0,21.1,5,2,2218000
Volkswagen,2021,136743,Diesel,Manual,2381.0,20.6,6,2,2669000
Toyota,2023,5163,Petrol,Manual,1639.0,10.6,7,2,2397000
Skoda,2025,46424,Diesel,Manual,1035.0,15.9,7,1,2604000
Tata,2013,146706,Petrol,Manual,2262.0,25.7,7,2,1713000
Volkswagen,2018,140870,Diesel,Automatic,1013.0,16.7,5,3,1613000
Ford,2014,27420,Petrol,Manual,884.0,18.0,5,1,1216000
Honda,2021,125575,CNG,Manual,1593.0,24.6,7,1,2118000
Maruti,2013,34300,Petrol,Manual,2567.0,21.5,7,1,1853000
Honda,2025,94881,Petrol,Manual,884.0,19.3,5,1,2334000
Toyota,2022,15749,Petrol,Manual,2312.0,22.8,5,2,2694000
Hyundai,2018,109131,Petrol,Automatic,864.0,23.8,7,2,1747000
Maruti,2024,133563,Petrol,Manual,2469.0,17.3,7,1,2889000
Kia,2024,42487,Petrol,Automatic,1462.0,17.6,5,2,2713000
Ford,2013,26223,Diesel,Manual,1426.0,16.2,5,2,1181000
Kia,2014,77930,Petrol,Automatic,863.0,25.5,5,3,1535000
Tata,2022,150128,Petrol,Manual,2166.0,,5,1,2506000
Maruti,2018,33380,Petrol,Manual,1738.0,11.3,4,3,1766000
Kia,2025,31035,Petrol,Manual,1718.0,23.8,5,1,2996000
Kia,2015,35620,Petrol,Automatic,2175.0,17.7,5,1,2316000
Volkswagen,2024,155949,Petrol,Manual,1981.0,11.1,5,1,2258000
Honda,2025,122360,Petrol,Manual,2412.0,18.8,6,1,2864000
Volkswagen,2012,58352,Petrol,Manual,1290.0,16.7,7,2,893000
Maruti,2024,8191,Diesel,Automatic,2481.0,24.0,5,1,3280000
Maruti,2025,95536,Diesel,Manual,2286.0,13.3,5,1,2879000
Toyota,2016,109576,Petrol,Automatic,2048.0,23.2,7,1,2136000
Volkswagen,2023,8631,Petrol,Manual,1112.0,18.9,5,2,2221000
Mahindra,2020,142244,Electric,Manual,1414.0,10.9,8,1,1759000
Honda,2019,47080,Petrol,Manual,1718.0,25.5,7,2,2284000
Maruti,2023,95353,Diesel,Automatic,1612.0,18.2,5,1,2706000
Toyota,2026,156353,Petrol,Manual,1739.0,14.7,8,1,2568000
Volkswagen,2020,33671,Diesel,Automatic,2289.0,17.5,5,1,2717000
Honda,2021,127811,Diesel,Manual,1911.0,23.7,5,1,2201000
Volkswagen,2025,132734,Diesel,Manual,2126.0,14.9,5,1,2821000
Kia,2020,56399,Electric,Manual,1479.0,13.1,5,1,2212000
Toyota,2026,159544,Petrol,Manual,1234.0,12.1,7,3,2252000
Honda,2018,12099,Petrol,Automatic,1481.0,14.8,5,2,1894000
Skoda,2015,61492,Diesel,Automatic,1958.0,22.5,5,1,1980000
Tata,2016,101722,Diesel,Automatic,1873.0,17.5,5,1,1942000
Tata,2012,35111,Petrol,Automatic,2255.0,13.6,6,3,1357000
Honda,2025,68936,Petrol,Manual,1139.0,12.7,5,1,2331000
Volkswagen,2012,158686,Petrol,Manual,1146.0,15.3,5,1,868000
Toyota,2014,65920,Petrol,Automatic,1445.0,25.0,7,2,1593000
Tata,2024,68530,Diesel,Manual,2170.0,15.5,5,2,2929000
Toyota,2025,12788,Petrol,Automatic,1448.0,25.8,7,1,2961000
Tata,2019,33082,Petrol,Automatic,1044.0,17.8,5,1,1854000
Kia,2025,128287,Petrol,Manual,908.0,12.9,7,1,2150000
Volkswagen,2013,94570,Petrol,Automatic,1332.0,24.3,7,2,1671000
Kia,2015,106015,Petrol,Manual,1913.0,17.4,5,1,1724000
Tata,2013,88588,Diesel,Manual,1095.0,21.4,5,1,1102000
Skoda,2025,152603,Electric,Manual,911.0,25.7,7,1,2752000
Skoda,2016,93340,CNG,Manual,2412.0,10.8,5,1,1959000
Kia,2020,99439,Petrol,Manual,2000.0,11.5,8,3,2050000
Skoda,2012,146214,CNG,Manual,1142.0,21.5,5,2,919000
Tata,2016,120053,Diesel,Automatic,2483.0,14.5,5,2,1918000
Honda,2025,53355,Diesel,Automatic,900.0,12.9,5,1,2542000
Kia,2026,145938,Petrol,Manual,2581.0,10.6,7,1,2943000
Hyundai,2020,130426,Petrol,Manual,1428.0,10.3,5,1,2011000
Volkswagen,2026,69027,Petrol,Automatic,2427.0,22.4,7,1,3218000
Skoda,2012,97601,Petrol,Manual,2224.0,12.2,7,4,1497000
Skoda,2020,34956,Petrol,Manual,827.0,17.5,5,1,1857000
Maruti,2019,109797,Petrol,Manual,1736.0,19.7,5,1,2001000
Mahindra,2015,129917,Petrol,Manual,2360.0,16.9,7,1,1955000
Kia,2023,131303,Diesel,Manual,857.0,10.4,5,2,1835000
Ford,2022,141511,Petrol,Automatic,2321.0,22.5,7,1,2816000
Skoda,2021,47533,Petrol,Manual,1096.0,10.2,5,1,1636000
Volkswagen,2016,83815,Electric,Manual,933.0,22.2,5,1,1584000
Hyundai,2024,44279,Electric,Manual,2154.0,24.3,7,3,2955000
Skoda,2016,114787,Diesel,Manual,1048.0,16.9,5,1,1294000
Hyundai,2022,159960,Electric,Manual,1820.0,18.6,5,3,2289000
Tata,2023,153702,Diesel,Automatic,1349.0,17.6,5,2,2289000
Tata,2017,66063,Electric,Automatic,1701.0,16.2,5,1,2216000
Mahindra,2018,132896,Petrol,Manual,1898.0,24.2,5,2,1947000
Honda,2019,102661,Petrol,Automatic,2477.0,24.3,7,1,2535000
Ford,2026,143051,Petrol,Automatic,1633.0,15.4,5,3,2565000
Maruti,2025,128257,Petrol,Automatic,1991.0,19.8,5,1,2802000
Mahindra,2019,91205,Petrol,Manual,1570.0,24.8,6,1,2154000
Toyota,2022,11910,Diesel,Manual,2326.0,25.4,5,1,3067000
Maruti,2025,51857,Diesel,Manual,2178.0,18.1,5,1,2948000
Kia,2024,39964,Diesel,Manual,2048.0,17.2,7,4,2646000
Volkswagen,2013,142050,Petrol,Manual,2487.0,14.5,7,1,1575000
Toyota,2020,22153,Diesel,Manual,2354.0,25.3,5,2,2623000
Toyota,2018,64765,Diesel,Automatic,945.0,12.3,5,1,1767000
Mahindra,2015,113212,Petrol,Automatic,2064.0,19.3,4,3,1730000
Honda,2015,44071,Diesel,Automatic,1692.0,14.5,5,1,1911000
Mahindra,2022,117990,Petrol,Manual,1143.0,14.5,5,1,1973000
Kia,2019,74519,Petrol,Automatic,2572.0,16.5,5,1,2527000
Skoda,2015,14503,CNG,Manual,1858.0,26.0,5,2,1920000
Skoda,2024,100457,Petrol,Manual,1501.0,10.9,5,1,2288000
Honda,2026,152977,Petrol,Manual,800.0,19.3,5,1,2154000
Kia,2017,50838,CNG,Manual,952.0,11.3,7,1,1398000
Honda,2016,130200,Diesel,Manual,1228.0,12.5,5,2,1267000
Hyundai,2014,94489,Petrol,Automatic,1307.0,17.0,5,1,1455000
Skoda,2024,31806,Petrol,Manual,1949.0,18.2,5,1,2693000
Toyota,2025,158240,Petrol,Automatic,1290.0,14.1,4,1,2424000
Ford,2021,75119,Diesel,Manual,2305.0,15.1,7,2,2570000
Volkswagen,2022,43714,Petrol,Manual,1144.0,11.4,5,3,2030000
Kia,2013,60419,Petrol,Manual,2561.0,14.9,5,1,1646000
Maruti,2020,110432,Electric,Manual,1020.0,25.5,5,1,2189000
Honda,2021,97949,Diesel,Manual,,25.1,7,1,2530000
Volkswagen,2020,138533,Petrol,Manual,1848.0,15.4,5,1,1914000
Maruti,2012,150363,Petrol,Manual,1327.0,19.1,5,1,870000
Volkswagen,2021,81971,Diesel,Manual,2005.0,24.6,5,2,2610000
Ford,2014,98471,Petrol,Manual,2322.0,10.1,5,1,1557000
Maruti,2019,69946,Petrol,Automatic,1640.0,23.0,5,3,1775000
Mahindra,2017,103989,Diesel,Manual,2464.0,25.2,5,1,2089000
Tata,2016,89080,Petrol,Automatic,1865.0,11.5,6,2,1669000
Mahindra,2016,82794,Diesel,Manual,1280.0,12.6,7,1,1471000
Skoda,2017,35841,Petrol,Automatic,1729.0,25.4,5,1,2113000
Tata,2026,129447,Petrol,Automatic,2571.0,18.6,5,1,3133000
Mahindra,2018,125029,Petrol,Manual,1671.0,10.2,5,1,1883000
Tata,2012,81272,,Manual,2262.0,14.1,8,1,1408000
Tata,2020,42643,Petrol,Automatic,2225.0,17.2,5,2,2571000
Toyota,2014,48950,Petrol,Manual,2369.0,21.1,7,3,2079000
Honda,2015,105500,CNG,Manual,1144.0,21.7,4,1,1585000
Honda,2021,130588,Electric,Manual,844.0,25.9,5,1,2150000
Toyota,2012,20997,Diesel,Automatic,2469.0,14.6,4,1,1699000
Volkswagen,2024,84751,CNG,Automatic,820.0,18.6,5,1,2396000
Hyundai,2022,103605,Petrol,Manual,2457.0,18.5,7,1,2820000
Volkswagen,2021,159983,Electric,Manual,1893.0,16.5,8,2,2291000
Maruti,2014,60533,Petrol,Manual,1672.0,12.7,5,4,1428000
Maruti,2013,87566,Electric,Manual,847.0,25.6,5,3,1282000
Tata,2013,150643,Electric,Automatic,2314.0,23.7,7,1,2063000
Mahindra,2025,113255,Diesel,Manual,1350.0,18.0,6,3,2510000
Mahindra,2012,63005,Electric,Manual,1086.0,19.7,5,2,1283000
Honda,2019,48541,Diesel,Manual,1801.0,13.6,5,1,1851000
Kia,2014,28387,Petrol,Automatic,1833.0,18.7,5,1,1752000
Volkswagen,2014,98980,Petrol,Manual,1341.0,21.1,5,2,1444000
Skoda,2017,90457,Diesel,Manual,1555.0,18.2,5,1,1733000
Ford,2024,149129,Petrol,Manual,1073.0,25.8,5,1,2192000
Mahindra,2019,69028,Diesel,Manual,,19.8,5,1,2038000
Ford,2024,124246,Electric,Manual,1399.0,15.9,5,1,2701000
Tata,2026,60731,Petrol,Manual,2579.0,22.4,5,1,3405000
Ford,2020,49638,Diesel,Manual,1180.0,12.7,7,3,1783000
Skoda,2020,25567,CNG,Automatic,2152.0,16.2,6,2,2530000
Toyota,2015,62804,Electric,Automatic,1278.0,15.6,5,2,1683000
Skoda,2025,113821,Electric,Automatic,814.0,16.9,7,1,2727000
Ford,2016,8754,Diesel,Manual,1315.0,22.5,7,2,1871000
Skoda,2013,32044,Electric,Automatic,990.0,17.7,5,1,1649000
Hyundai,2022,72260,Diesel,Manual,1991.0,22.7,4,1,2639000
Tata,2020,71912,Petrol,Manual,2344.0,19.2,7,1,2849000
Volkswagen,2019,13706,Petrol,Manual,1420.0,15.5,7,1,1983000
Toyota,2014,13894,Diesel,Manual,1960.0,23.0,8,1,1737000
Mahindra,2022,154109,Petrol,Automatic,953.0,13.8,7,1,1981000
Maruti,2023,88986,Diesel,Manual,2211.0,13.6,5,1,2423000
Volkswagen,2024,86942,Diesel,Manual,2032.0,18.1,5,1,2579000
Maruti,2020,34725,Petrol,Manual,1071.0,14.2,4,4,1549000
Tata,2014,141998,Diesel,Manual,942.0,10.1,5,1,880000
Toyota,2020,109555,Diesel,Manual,2434.0,20.4,5,2,2364000
Honda,2013,14496,Petrol,Manual,1892.0,18.2,5,1,1683000
Mahindra,2023,61447,Petrol,Automatic,1046.0,17.1,5,1,2253000
Hyundai,2021,106604,Petrol,Automatic,2084.0,25.5,7,4,2428000
Honda,2020,93199,Petrol,Manual,1587.0,19.1,5,1,2190000
Tata,2026,46321,CNG,Manual,878.0,23.8,5,1,2475000
Volkswagen,2019,158728,Petrol,Manual,2481.0,12.2,5,2,2029000
Hyundai,2020,60147,Diesel,Automatic,1422.0,19.1,5,1,2288000
Skoda,2016,96396,Petrol,Manual,2593.0,23.9,7,2,1950000
Ford,2022,43787,Petrol,Manual,2428.0,19.3,7,1,2501000
Hyundai,2022,26727,CNG,Manual,1324.0,21.5,8,1,2395000
Tata,2013,100081,Diesel,Manual,1571.0,16.0,5,1,1375000
Kia,2019,127721,Petrol,Manual,1737.0,11.5,5,1,2125000
Ford,2023,73056,Petrol,Automatic,2444.0,17.3,5,3,2732000
Maruti,2026,139153,Petrol,Manual,2153.0,16.3,5,2,2803000
Mahindra,2017,85102,Petrol,Manual,2012.0,23.9,7,1,2083000
Maruti,2019,81865,Diesel,Automatic,1918.0,13.9,7,1,2332000
Hyundai,2022,72695,Petrol,Automatic,1416.0,25.5,7,2,2671000
Maruti,2016,122235,Petrol,Manual,1831.0,25.3,5,1,1489000
Tata,2021,113777,Petrol,Manual,866.0,14.0,7,1,1874000
Skoda,2013,24033,CNG,Manual,2319.0,15.6,5,1,2043000
Volkswagen,2017,146877,Electric,Automatic,990.0,24.3,7,1,1946000
Mahindra,2016,31832,Petrol,Manual,2189.0,25.5,5,2,2248000
Maruti,2023,120725,Diesel,Automatic,1567.0,17.1,5,4,2176000
Maruti,2024,150016,Petrol,Automatic,1320.0,15.1,5,1,2287000
Hyundai,2023,24873,Petrol,Manual,1789.0,18.4,7,1,2678000
Volkswagen,2016,45372,Diesel,Manual,1940.0,21.0,4,1,1737000
Honda,2024,94464,CNG,Manual,1066.0,14.4,5,1,2105000
Maruti,2012,151451,Electric,Manual,2434.0,21.8,7,1,1648000
Tata,2013,122322,Diesel,Manual,1284.0,10.8,5,2,1112000
Kia,2019,105082,Petrol,Manual,2332.0,10.8,5,1,2268000
Mahindra,2024,10110,Diesel,Automatic,2121.0,16.2,5,1,3069000
Maruti,2025,17087,Petrol,Manual,1987.0,15.7,5,1,2929000
Tata,2024,159834,Diesel,Automatic,1175.0,15.1,7,1,2363000
Tata,2014,87617,Petrol,Manual,,17.9,7,1,1587000
Mahindra,2021,105483,Diesel,Manual,2091.0,15.1,5,2,2312000
Honda,2014,14596,Petrol,Manual,1348.0,13.1,8,1,1432000
Tata,2019,112539,Petrol,Manual,1897.0,15.0,5,2,1877000
Kia,2019,23313,CNG,Automatic,2331.0,25.6,5,1,2765000
Tata,2013,118175,Petrol,Manual,872.0,16.6,5,1,874000
Tata,2019,119914,Petrol,Manual,1107.0,17.1,5,1,1774000
Tata,2022,28705,Petrol,Manual,998.0,19.2,5,1,2002000
Skoda,2024,78445,Petrol,Manual,1953.0,25.7,7,1,2749000
Skoda,2024,108892,Petrol,Manual,2581.0,13.9,7,1,3001000
Honda,2012,7023,Petrol,Automatic,1371.0,20.9,5,2,1394000
Maruti,2017,124654,CNG,Automatic,1590.0,21.5,5,2,1720000
Tata,2019,85073,Petrol,Manual,2438.0,19.7,7,1,2519000
Volkswagen,2014,97197,Electric,Manual,2310.0,11.4,7,1,1878000
Maruti,2019,69429,Diesel,Manual,1974.0,20.8,7,1,2297000
Honda,2023,109195,Petrol,Manual,2492.0,11.0,5,1,2800000
Toyota,2012,38848,Diesel,Manual,2029.0,19.5,7,1,1937000
Maruti,2022,151451,Petrol,Manual,978.0,21.8,5,3,1967000
Maruti,2022,32766,Diesel,Manual,996.0,13.4,5,1,2072000
Ford,2020,73099,Petrol,Manual,1534.0,23.5,5,1,2260000
Hyundai,2024,74122,Petrol,Manual,888.0,10.5,5,1,1988000
Ford,2022,152159,CNG,Manual,1598.0,23.5,5,1,2112000
Kia,2024,53868,Electric,Manual,2257.0,17.4,5,2,2724000
Skoda,2020,124119,CNG,Manual,1587.0,13.5,4,1,2186000
Skoda,2016,159297,Petrol,Automatic,1547.0,12.1,7,1,1534000
Hyundai,2021,100286,Diesel,Manual,2006.0,25.3,4,2,2401000
Mahindra,2015,11643,Petrol,Manual,1008.0,11.2,5,1,1245000
Mahindra,2026,41727,Petrol,Manual,1292.0,13.2,5,2,2615000
Honda,2022,147077,Petrol,Automatic,1953.0,15.6,8,1,2364000
Hyundai,2017,114079,Diesel,Manual,1464.0,19.9,5,1,1574000
Maruti,2023,70697,Petrol,Manual,1836.0,18.7,5,2,2480000
Mahindra,2018,21029,Petrol,Manual,2457.0,12.0,5,1,2098000
Tata,2016,150298,CNG,Automatic,1670.0,14.6,7,1,1622000
Volkswagen,2022,114458,Petrol,Automatic,1531.0,13.8,8,1,2019000
Maruti,2024,115384,Petrol,Manual,1929.0,13.4,5,1,2301000
Kia,2021,73926,Petrol,Automatic,2198.0,16.6,5,2,2537000
Tata,2020,142069,Electric,Automatic,2405.0,21.3,7,3,2386000
Tata,2014,60506,Petrol,Automatic,2530.0,13.5,5,4,1545000
Hyundai,2026,83229,Petrol,Manual,1497.0,15.9,5,2,2560000
Honda,2018,47092,Diesel,Manual,1922.0,16.3,5,1,2071000
Kia,2021,67539,Diesel,Manual,1393.0,25.6,4,1,2570000
Mahindra,2021,157889,Petrol,Automatic,2410.0,25.3,5,1,2818000
Hyundai,2022,18428,Diesel,Manual,1685.0,22.8,5,1,2476000
Mahindra,2016,146330,Diesel,Manual,1651.0,13.9,7,1,1725000
Hyundai,2025,62775,Diesel,Manual,2015.0,11.1,7,3,2831000
Hyundai,2018,10469,Petrol,Automatic,1124.0,15.1,5,1,1811000
Hyundai,2026,33854,CNG,Automatic,1778.0,14.3,7,1,2880000
Honda,2013,142328,Diesel,Manual,2549.0,18.1,5,1,1708000
Hyundai,2015,81256,Petrol,Automatic,1755.0,22.4,5,2,1707000
Toyota,2013,104134,Petrol,Manual,2290.0,23.7,5,2,1618000
Volkswagen,2025,137723,Petrol,Automatic,1693.0,23.5,7,2,2823000
Mahindra,2024,89730,Petrol,Manual,2190.0,15.8,7,1,2704000
Maruti,2024,32386,Diesel,Manual,2141.0,21.0,6,2,2700000
Ford,2023,152256,Petrol,Automatic,943.0,15.0,7,1,2125000
Kia,2018,38787,Petrol,Manual,,11.0,5,3,1627000
Skoda,2013,26621,Diesel,Automatic,1015.0,21.2,8,1,1331000
Honda,2024,82984,Petrol,Manual,2184.0,10.2,7,1,2850000
Maruti,2025,39051,Electric,Manual,1123.0,16.5,7,1,2532000
Tata,2022,54811,Petrol,Manual,1838.0,15.3,5,2,2250000
Toyota,2012,35447,Petrol,Manual,1016.0,21.1,5,1,1165000
Skoda,2020,133046,Petrol,Manual,2315.0,22.3,5,3,2160000
Ford,2012,89045,Petrol,Manual,1750.0,14.9,5,1,1143000
Maruti,2019,121859,Petrol,Manual,2370.0,23.0,5,1,2478000
Skoda,2026,150544,Diesel,Manual,982.0,14.7,5,1,2263000
Maruti,2013,8471,Electric,Automatic,1069.0,17.1,5,1,1854000
Toyota,2023,125312,Petrol,Automatic,1744.0,21.6,4,1,2657000
Ford,2019,144401,Diesel,Manual,2290.0,21.1,5,1,2229000
Tata,2024,51850,Diesel,Automatic,1669.0,25.8,5,2,2858000
Hyundai,2014,59220,CNG,Manual,2435.0,13.6,7,1,2198000
Mahindra,2017,98808,Petrol,Manual,2342.0,20.6,5,3,1833000
Tata,2014,142469,Petrol,Automatic,2365.0,19.8,5,1,1639000
Hyundai,2025,58072,Petrol,Automatic,1266.0,24.6,7,2,2649000
Honda,2018,88820,Diesel,Manual,1104.0,12.5,5,1,1660000
Volkswagen,2021,28284,Diesel,Automatic,1967.0,22.0,5,1,2500000
Kia,2020,88369,Petrol,Manual,910.0,19.1,5,1,1823000
Kia,2013,30122,Petrol,Automatic,1813.0,14.4,5,1,1839000
Mahindra,2026,135349,CNG,Manual,1031.0,17.6,8,2,2344000
Ford,2023,75553,Diesel,Manual,2514.0,15.3,5,1,2754000
Toyota,2023,99788,Electric,Manual,2407.0,19.3,5,1,2927000
Ford,2026,67812,Diesel,Automatic,2545.0,24.2,4,2,3420000
Toyota,2025,12999,Petrol,Manual,2555.0,19.1,5,1,3125000
Ford,2016,27436,Diesel,Automatic,2415.0,20.1,7,2,2542000
Volkswagen,2024,47963,Diesel,Manual,2323.0,18.3,5,1,3193000
Honda,2017,138168,Petrol,Manual,1394.0,10.8,5,2,1446000
Honda,2015,113899,Diesel,Manual,2377.0,13.7,5,1,1841000
Hyundai,2015,31201,Diesel,Manual,2096.0,17.9,4,1,2047000
Skoda,2015,155787,Petrol,Manual,2526.0,15.0,5,1,1913000
Honda,2013,151150,Diesel,Manual,972.0,12.9,7,3,820000
Honda,2015,10105,Diesel,Manual,1772.0,18.1,7,1,1884000
Tata,2022,122666,Electric,Manual,1830.0,15.2,7,1,2395000
Tata,2012,99848,Petrol,Manual,1978.0,14.1,7,2,1360000
Hyundai,2023,7839,Petrol,Automatic,2345.0,17.4,7,3,2998000
Skoda,2017,73920,Diesel,Automatic,1345.0,12.1,5,2,1582000
Mahindra,2012,48619,Petrol,Manual,1347.0,24.8,7,4,1139000
Tata,2021,47821,Diesel,Manual,1317.0,23.9,7,1,2193000
Mahindra,2017,130736,Diesel,Manual,1713.0,21.3,7,1,1816000
Maruti,2012,149565,Petrol,Manual,1014.0,11.7,5,2,737000
Tata,2017,22069,Petrol,Manual,933.0,22.4,5,2,1491000
Volkswagen,2021,12531,Petrol,Manual,1084.0,22.9,7,1,2245000
Skoda,2019,143808,Petrol,Manual,1949.0,22.3,7,1,1980000
Hyundai,2022,143782,CNG,Manual,2262.0,11.8,8,2,2335000
Maruti,2013,72155,Diesel,Manual,1485.0,20.3,5,1,1378000
Skoda,2013,150047,Diesel,Automatic,1975.0,23.3,5,1,1571000
Volkswagen,2025,67424,Diesel,Automatic,1130.0,19.2,5,1,2636000
Skoda,2026,50603,Petrol,Manual,2361.0,20.3,7,1,3264000
Volkswagen,2024,159324,CNG,Manual,2206.0,17.3,5,2,2472000
Volkswagen,2023,137503,Diesel,Automatic,1938.0,18.5,5,1,2461000
Mahindra,2015,97573,Diesel,Automatic,1693.0,10.6,8,2,1803000
Ford,2022,145629,CNG,Manual,2305.0,20.2,4,1,2409000
Maruti,2014,108302,Petrol,Manual,2107.0,11.3,7,1,1560000
Skoda,2015,136234,Diesel,Manual,1698.0,17.0,5,2,1627000
Toyota,2024,24675,Petrol,Manual,1898.0,14.7,7,1,3272000
Maruti,2023,78997,Petrol,Manual,1989.0,18.7,5,1,2390000
Ford,2018,153087,Petrol,Manual,2012.0,12.1,7,1,1927000
Maruti,2024,145905,Electric,Manual,877.0,21.1,7,1,2302000
Honda,2022,12896,CNG,Manual,1746.0,22.7,4,1,2536000
Toyota,2012,54733,Diesel,Automatic,2425.0,12.6,5,2,1669000
Ford,2017,46800,Diesel,Manual,1487.0,11.7,5,2,1535000
Mahindra,2026,101044,Diesel,Manual,820.0,12.3,6,2,2267000
Skoda,2026,10347,Electric,Manual,1365.0,24.0,7,1,2999000
Kia,2014,138715,Petrol,Manual,2007.0,18.5,5,1,1656000
Ford,2022,45785,Petrol,Automatic,2045.0,17.5,5,1,2634000
Hyundai,2021,23681,Petrol,Manual,1626.0,11.7,5,1,2265000
Skoda,2018,108864,Diesel,Manual,2151.0,20.4,7,1,2213000
Ford,2021,151964,Diesel,Automatic,978.0,23.9,8,1,1977000
Honda,2013,52299,Petrol,Manual,1935.0,23.3,5,4,1474000
Kia,2025,22073,Petrol,Automatic,2559.0,20.0,5,1,3163000
Honda,2013,107304,Diesel,Manual,2549.0,11.2,5,1,1640000
Kia,2024,35682,Petrol,Manual,1882.0,11.8,5,2,2484000
Hyundai,2015,129302,Diesel,Manual,2150.0,10.8,5,1,1544000
Skoda,2012,150361,Electric,Manual,1704.0,14.1,5,2,1022000
Mahindra,2014,120359,Petrol,Automatic,2444.0,12.2,5,2,1865000
Honda,2024,143999,Petrol,Automatic,1468.0,14.2,5,3,2190000
Honda,2020,71707,Diesel,Manual,990.0,16.2,5,1,2044000
Volkswagen,2018,70428,Diesel,Manual,2023.0,25.1,5,2,2318000
Kia,2026,55601,Diesel,Automatic,2135.0,19.8,4,1,3076000
Tata,2018,138611,Electric,Automatic,1507.0,23.4,7,2,2005000
Skoda,2024,116487,Petrol,Manual,1858.0,21.4,7,1,3012000
Kia,2024,158741,Petrol,Manual,1178.0,11.8,5,1,2320000
Volkswagen,2022,156716,Diesel,Manual,1186.0,21.8,5,1,2101000
Maruti,2015,154817,CNG,Automatic,2581.0,14.4,7,1,2007000
Kia,2013,33228,Petrol,Manual,1036.0,20.2,7,2,1213000
Mahindra,2026,127788,Diesel,Manual,1415.0,15.5,5,2,2565000
Skoda,2025,102239,Diesel,Automatic,2342.0,26.0,5,2,3055000
Volkswagen,2015,31928,Petrol,Manual,1082.0,14.2,5,1,1156000
Maruti,2017,23322,Petrol,Manual,800.0,14.5,5,2,1239000
Toyota,2022,92896,CNG,Manual,2554.0,24.9,5,1,2863000
Volkswagen,2022,67292,Petrol,Manual,1263.0,10.4,5,3,1821000
Toyota,2014,34055,Petrol,Manual,2053.0,21.1,7,3,1796000
Skoda,2012,47891,Petrol,Manual,1766.0,21.6,5,1,1327000
Honda,2025,86912,CNG,Manual,971.0,23.4,5,2,2293000
Volkswagen,2023,142660,Diesel,Manual,1910.0,25.6,5,1,2698000
Hyundai,2019,95536,Diesel,Automatic,2376.0,25.6,5,1,2590000
Toyota,2023,11304,Petrol,Automatic,1946.0,11.0,4,1,2768000
Mahindra,2024,12345,Diesel,Manual,1642.0,23.1,5,1,2906000
Hyundai,2016,96006,Diesel,Manual,2121.0,20.3,7,2,2026000
Ford,2026,151424,Diesel,Manual,1489.0,20.4,5,1,2767000
Ford,2016,134350,CNG,Manual,1374.0,12.1,7,1,1408000
Maruti,2022,24446,Petrol,Manual,2307.0,20.4,7,1,2739000
Honda,2015,7336,Diesel,Manual,964.0,25.7,5,2,1409000
Skoda,2017,67032,Petrol,Manual,2522.0,24.6,5,3,2121000
Volkswagen,2014,102852,Diesel,Manual,1182.0,17.0,5,2,1355000
Tata,2020,143593,Petrol,Manual,1008.0,10.6,7,2,1763000
Mahindra,2016,159553,Petrol,Automatic,2562.0,15.8,7,1,2206000
Toyota,2014,23474,Petrol,Manual,2255.0,23.2,7,1,1855000
Skoda,2022,60718,Diesel,Manual,2212.0,21.2,5,1,2862000
Hyundai,2012,49629,Petrol,Manual,2383.0,17.3,6,1,1393000
Ford,2021,50232,Diesel,Automatic,1023.0,10.9,5,2,2105000
Mahindra,2023,91544,Petrol,Automatic,802.0,16.8,5,1,2102000
Tata,2017,55669,Petrol,Manual,1171.0,17.5,4,2,1627000
Volkswagen,2026,74184,Diesel,Manual,2510.0,24.9,5,1,3130000
Maruti,2013,18140,Petrol,Manual,2269.0,20.3,7,1,1981000
Tata,2024,131468,Petrol,Manual,1410.0,15.0,5,1,2081000
Mahindra,2014,88457,Diesel,Manual,915.0,18.4,5,2,1082000
Tata,2012,19357,Petrol,Automatic,2093.0,11.1,5,2,1388000
Mahindra,2020,116672,Petrol,Manual,1246.0,25.6,7,3,1720000
Mahindra,2019,73673,Petrol,Automatic,2191.0,15.8,7,1,2433000
Kia,2023,126673,Electric,Manual,2076.0,17.6,5,4,2769000
Toyota,2013,70633,Diesel,Manual,2140.0,15.7,5,1,2017000
Ford,2026,101111,Diesel,Automatic,1214.0,20.9,5,1,2717000
Kia,2023,83258,Diesel,Manual,1918.0,20.6,7,4,2689000
Volkswagen,2022,148996,Petrol,Manual,1691.0,21.4,5,1,2285000
Kia,2019,74286,Petrol,Manual,1847.0,14.3,5,2,2065000
Honda,2023,98269,Diesel,Manual,2451.0,15.1,5,1,2723000
Honda,2025,79071,Petrol,Automatic,1462.0,12.0,5,1,2627000
Ford,2020,35651,Petrol,Manual,1873.0,20.5,7,3,2312000
Tata,2012,75202,Petrol,Automatic,2325.0,,5,1,1483000
Toyota,2024,53777,Petrol,Automatic,1517.0,19.6,5,2,2655000
Ford,2016,153066,Electric,Automatic,2321.0,23.9,5,1,2201000
Mahindra,2019,72263,Petrol,Manual,2158.0,24.3,5,2,2354000
Hyundai,2026,105158,Petrol,Manual,1902.0,17.2,7,1,2731000
Toyota,2022,15800,Petrol,Automatic,2405.0,17.3,5,1,2930000
Toyota,2025,42823,Electric,Manual,1850.0,11.2,7,1,3298000
Mahindra,2013,68878,Petrol,Manual,1070.0,20.7,7,1,1419000
Mahindra,2015,23708,Petrol,Manual,1361.0,23.1,5,3,1677000
Maruti,2018,148891,Diesel,Manual,1603.0,13.9,4,1,1718000
Ford,2014,68870,Diesel,Manual,1046.0,16.7,5,1,1299000
Mahindra,2024,14283,Petrol,Manual,2599.0,23.4,7,1,3343000
Honda,2023,83707,Petrol,Manual,2414.0,24.0,5,1,3020000
Volkswagen,2016,10774,Petrol,Automatic,1186.0,13.9,5,2,1407000
Hyundai,2019,147055,Petrol,Manual,1501.0,18.8,5,4,1452000
Ford,2023,101468,Petrol,Automatic,1358.0,13.1,7,1,2518000
Skoda,2021,101334,Petrol,Automatic,1772.0,11.6,5,2,2178000
Honda,2014,23133,Petrol,Automatic,2184.0,24.6,5,1,1960000
Tata,2015,151011,Petrol,Manual,1783.0,23.1,5,1,1392000
Mahindra,2025,5781,Diesel,Automatic,2311.0,22.2,5,2,3176000
Skoda,2026,119586,Electric,Manual,1151.0,10.8,7,1,2515000
Mahindra,2020,32624,Diesel,Automatic,2524.0,23.5,5,2,3022000
Toyota,2025,11823,Petrol,Manual,2079.0,17.0,7,3,2955000
Honda,2025,23489,Petrol,Automatic,2045.0,15.5,7,1,3092000
Toyota,2018,34118,Electric,Automatic,1552.0,18.7,5,3,2301000
Maruti,2012,105417,Petrol,Manual,1580.0,,7,2,1199000
Toyota,2025,86816,Petrol,Manual,1824.0,22.1,5,1,2925000
Maruti,2023,158335,Diesel,Automatic,1345.0,19.3,5,2,2372000
Maruti,2015,18565,Diesel,Manual,2269.0,13.0,6,1,1852000
Skoda,2015,156426,Diesel,Automatic,878.0,13.0,5,4,1020000
Mahindra,2020,96179,Petrol,Manual,2059.0,12.9,5,2,2203000
Tata,2017,28648,Petrol,Manual,1133.0,10.9,5,1,1490000
Toyota,2020,46971,Electric,Automatic,1688.0,19.4,7,1,2701000
Honda,2023,23658,Petrol,Manual,2172.0,23.4,5,2,2825000
Maruti,2026,26253,Diesel,Automatic,1921.0,10.3,5,1,3098000
Mahindra,2017,93664,Diesel,Manual,1905.0,10.8,5,1,1628000
Hyundai,2017,108850,Diesel,Manual,1301.0,19.2,7,1,1838000
Ford,2016,142924,Petrol,Manual,2300.0,23.1,7,1,1931000
Skoda,2016,138623,Petrol,Manual,2527.0,15.2,5,1,2009000
Tata,2013,76947,Diesel,Automatic,1564.0,15.6,7,1,1657000
Kia,2019,66001,CNG,Manual,1720.0,19.5,5,1,2329000
Skoda,2019,127775,Electric,Manual,1349.0,14.4,5,2,2073000
Hyundai,2022,38243,Petrol,Manual,813.0,10.4,7,1,2182000
Ford,2024,157872,Petrol,Automatic,1191.0,21.8,7,1,2578000
Hyundai,2012,80939,Electric,Manual,2170.0,20.0,7,1,1844000
Toyota,2019,62828,Diesel,Automatic,1109.0,19.3,7,1,2174000
Maruti,2016,143311,CNG,Manual,1185.0,21.9,5,1,1517000
Tata,2013,11710,Petrol,Manual,2032.0,20.8,7,1,1862000
Volkswagen,2025,157456,Diesel,Automatic,2180.0,13.3,5,1,2800000
Maruti,2013,157110,Diesel,Manual,1773.0,15.6,5,2,1252000
Volkswagen,2025,42991,Diesel,Manual,2424.0,12.0,5,2,2961000
Ford,2026,143043,Petrol,Manual,2391.0,,5,2,2635000
Mahindra,2026,90445,Petrol,Manual,1917.0,20.8,5,2,2958000
Kia,2017,85257,Diesel,Automatic,1916.0,23.7,5,2,2130000
Honda,2022,42711,Petrol,Manual,1139.0,25.4,5,1,2539000
Maruti,2024,11530,Petrol,Automatic,1396.0,20.1,5,2,2410000
Tata,2020,16116,Electric,Manual,2268.0,12.9,5,1,2552000
Hyundai,2012,70794,Petrol,Manual,1556.0,11.7,5,2,1085000
Tata,2023,136354,Diesel,Automatic,1845.0,23.0,5,2,2698000
Ford,2017,137970,Petrol,Manual,1090.0,19.3,7,1,1560000
Volkswagen,2020,9135,Diesel,Manual,2308.0,19.9,7,1,2762000
Hyundai,2019,142701,Electric,Manual,1105.0,22.5,7,1,1873000
Honda,2022,114472,Petrol,Manual,1433.0,21.3,5,2,2012000
Honda,2017,130147,Petrol,Manual,1951.0,23.4,7,2,1970000
Maruti,2014,94087,Petrol,Manual,1424.0,10.9,5,3,924000
Ford,2019,38380,Petrol,Manual,1738.0,22.0,5,1,2077000
Mahindra,2020,134951,Diesel,Manual,2096.0,23.6,5,2,2328000
Ford,2012,22071,CNG,Manual,1647.0,14.6,7,1,1299000
Volkswagen,2023,25074,Petrol,Manual,1241.0,20.2,5,3,2467000
Tata,2020,72843,Petrol,Manual,1302.0,15.0,5,1,2056000
Honda,2025,44901,Petrol,Manual,929.0,25.3,5,1,2326000
Tata,2026,16205,Diesel,Automatic,1955.0,10.5,7,1,3031000
Tata,2017,129661,Petrol,Manual,1396.0,19.3,5,2,1240000
Tata,2017,10906,Diesel,Automatic,2305.0,12.7,5,3,2073000
Honda,2023,138663,Diesel,Manual,1661.0,21.4,5,1,2532000
Skoda,2015,130576,Diesel,Manual,2213.0,12.8,5,1,1690000
Toyota,2012,67987,Petrol,Manual,1392.0,13.8,6,3,1112000
Volkswagen,2021,85685,Diesel,Manual,1798.0,17.9,5,1,2162000
Skoda,2019,115454,Petrol,Manual,1124.0,24.6,7,2,1949000
Volkswagen,2013,110487,Petrol,Manual,1892.0,13.4,5,1,1295000
Hyundai,2023,59400,CNG,Manual,2483.0,12.3,7,1,2843000
Ford,2012,36852,Diesel,Automatic,1247.0,22.1,4,2,1318000
Ford,2013,57756,Petrol,Manual,2351.0,18.0,5,2,1456000
Kia,2012,120357,Petrol,Manual,1618.0,24.6,5,1,1152000
Ford,2012,124052,Petrol,Automatic,2440.0,12.3,5,1,1630000
Honda,2020,61481,Petrol,Manual,1988.0,20.3,5,2,2314000
Mahindra,2024,6283,Petrol,Manual,2311.0,13.7,7,1,3108000
Maruti,2025,38691,Petrol,Automatic,2536.0,12.5,5,3,3002000
Kia,2012,137197,Petrol,Automatic,1508.0,20.9,6,1,1296000
Maruti,2024,31170,Diesel,Automatic,2249.0,19.5,7,1,2933000
Volkswagen,2015,13438,Diesel,Manual,2520.0,22.1,5,3,2058000
Maruti,2021,25095,Diesel,Manual,1064.0,15.0,7,2,2088000
Maruti,2017,152226,Petrol,Automatic,1411.0,17.2,6,1,1853000
Kia,2018,144076,Electric,Manual,2165.0,16.5,5,2,2227000
Hyundai,2013,14752,Diesel,Manual,1631.0,25.7,7,1,1935000
Tata,2017,60426,Diesel,Manual,2549.0,14.7,5,1,2280000
Ford,2018,31819,Diesel,Manual,2101.0,14.7,5,4,1889000
Ford,2021,97051,CNG,Manual,1473.0,15.7,7,2,2103000
Honda,2025,37994,Diesel,Manual,2262.0,19.0,5,2,3033000
Kia,2021,151108,Petrol,Manual,956.0,14.0,5,1,1635000
Honda,2013,102756,Diesel,Manual,2245.0,24.6,5,1,1706000
Mahindra,2026,145659,Diesel,Automatic,1050.0,14.3,7,1,2558000
Mahindra,2013,100665,Diesel,Manual,1677.0,24.3,7,1,1783000
Honda,2021,136717,Diesel,Manual,2432.0,11.7,5,2,2107000
Kia,2018,86835,Petrol,Manual,1329.0,20.5,6,1,1954000
Honda,2023,127232,Petrol,Manual,1126.0,24.5,7,2,2124000
Ford,2012,154960,CNG,Manual,1760.0,12.7,5,1,917000
Skoda,2019,48732,Diesel,Manual,1694.0,25.5,5,1,2425000
Toyota,2022,51305,Diesel,Automatic,896.0,17.2,7,1,2477000
Maruti,2024,14346,Petrol,Automatic,1312.0,25.1,7,1,2939000
Toyota,2014,5587,Petrol,Manual,1015.0,20.8,7,1,1647000
Kia,2022,17763,CNG,Manual,1955.0,14.8,5,3,2697000
Toyota,2017,74615,Diesel,Manual,2083.0,13.0,5,1,2115000
Mahindra,2020,125987,Diesel,Automatic,924.0,14.9,5,3,1708000
Volkswagen,2017,96353,Petrol,Automatic,1905.0,11.5,5,1,1950000
Maruti,2020,100648,Diesel,Manual,2106.0,12.3,5,4,2165000
Tata,2018,30556,Petrol,Manual,2506.0,11.7,7,1,2239000
Kia,2026,64042,Diesel,Automatic,858.0,16.8,5,3,2427000
Maruti,2020,23099,Petrol,Manual,2367.0,22.7,7,1,2604000
Toyota,2013,114089,Petrol,Manual,960.0,12.3,5,2,680000
Mahindra,2023,149302,Diesel,Manual,1083.0,12.1,5,3,1920000
Hyundai,2019,38866,CNG,Manual,905.0,20.3,5,1,1595000
Skoda,2019,110400,Petrol,Automatic,1928.0,13.2,5,1,2143000
Tata,2013,89246,Diesel,Automatic,2262.0,11.6,5,1,1790000
Skoda,2023,81975,Petrol,Manual,1027.0,12.7,8,3,1920000
Maruti,2025,86557,Petrol,Manual,2523.0,24.8,7,1,3335000
Mahindra,2015,142488,Petrol,Manual,2405.0,23.1,5,1,1671000
Mahindra,2025,77516,Petrol,Manual,1117.0,15.7,5,1,2524000
Toyota,2026,154130,Petrol,Manual,2287.0,20.5,7,1,3125000
Ford,2022,37602,Petrol,Manual,1601.0,18.6,5,2,2082000
Toyota,2026,134295,Petrol,Manual,2422.0,20.8,5,1,3380000
Ford,2018,92969,CNG,Manual,1673.0,20.9,5,2,1842000
Ford,2022,137161,Petrol,Manual,1271.0,20.1,7,3,1891000
Tata,2015,146559,Diesel,Manual,1879.0,14.3,4,1,1370000
Toyota,2015,5155,Petrol,Manual,1424.0,10.6,5,2,1505000
Hyundai,2017,128950,Diesel,Manual,812.0,17.3,7,1,1465000
Honda,2021,72494,Petrol,Automatic,2263.0,24.3,5,2,2653000
Honda,2017,81229,Petrol,Manual,1841.0,19.1,5,1,1862000
Toyota,2021,109648,Petrol,Manual,1493.0,23.3,5,2,2235000
Toyota,2026,43547,Petrol,Automatic,1772.0,25.9,7,1,3198000
Skoda,2014,33795,Petrol,Automatic,912.0,12.6,5,1,1097000
Tata,2026,26447,Diesel,Manual,1028.0,21.1,8,1,2654000
Toyota,2020,92960,CNG,Automatic,970.0,20.8,6,1,1764000
Skoda,2023,68278,Diesel,Manual,1094.0,25.7,5,2,2393000
Ford,2021,60077,Diesel,Manual,988.0,25.8,8,1,1998000
Mahindra,2025,117782,Petrol,Manual,1225.0,21.0,5,2,2375000
Mahindra,2022,107932,Petrol,Manual,1776.0,13.9,5,1,2415000
Ford,2013,145600,Petrol,Automatic,1902.0,22.8,5,2,1318000
Kia,2017,114869,Petrol,Manual,1457.0,11.7,5,1,1706000
Skoda,2023,144251,Petrol,Manual,1718.0,22.5,5,1,2359000
Skoda,2018,53781,Diesel,Manual,2005.0,24.6,4,1,2497000
Ford,2023,58798,Petrol,Manual,1298.0,16.1,5,2,2144000
Hyundai,2024,103696,Petrol,Manual,1561.0,20.1,7,1,2449000
Volkswagen,2020,55939,Diesel,Automatic,1665.0,16.9,5,3,2301000
